{"cameraMode":{"drawMode":0,"name":"Shaded","section":"Shading Mode"},"sceneLighting":true,"audioPlay":false,"sceneViewState":{"m_AlwaysRefresh":true,"showFog":true,"showSkybox":true,"showFlares":true,"showImageEffects":true,"showParticleSystems":true,"showVisualEffectGraphs":true,"m_FxEnabled":true},"in2DMode":false,"pivot":{"x":5.431193828582764,"y":15.304535865783692,"z":44.91923904418945},"rotation":{"x":0.02668621949851513,"y":-0.006900101900100708,"z":-0.00018479704158380628,"w":-0.9996193051338196},"size":33.839542388916019,"orthographic":false}